"id","api_id","imdb_id","title","plot","poster_path","director","status","runtime","budget","trailer","release_date"
839,533535,,Deadpool & Wolverine,"A listless Wade Wilson toils away in civilian life with his days as the morally flexible mercenary, Deadpool, behind him. But when his homeworld faces an existential threat, Wade must reluctantly suit-up again with an even more reluctant Wolverine.",/8cdWjvZQUExUUTzyp4t6EDMubfO.jpg,,,,,"73_1biulkYk","2024-07-24"
840,718821,,Twisters,"As storm season intensifies, the paths of former storm chaser Kate Carter and reckless social-media superstar Tyler Owens collide when terrifying phenomena never seen before are unleashed. The pair and their competing teams find themselves squarely in the paths of multiple storm systems converging over central Oklahoma in the fight of their lives.",/pjnD08FlMAIXsfOLKQbvmO0f0MD.jpg,,,,,wdok0rZdmx4,"2024-07-10"
842,762441,,A Quiet Place: Day One,"As New York City is invaded by alien creatures who hunt by sound, a woman named Sam fights to survive with her cat.",/yrpPYKijwdMHyTGIOd1iK1h0Xno.jpg,,,,,YPY7J-flzE8,"2024-06-26"
841,519182,,Despicable Me 4,"Gru and Lucy and their girls—Margo, Edith and Agnes—welcome a new member to the Gru family, Gru Jr., who is intent on tormenting his dad. Gru also faces a new nemesis in Maxime Le Mal and his femme fatale girlfriend Valentina, forcing the family to go on the run.",/wWba3TaojhK7NdycRhoQpsG0FaH.jpg,,,,,qQlr9-rF32A,"2024-06-20"
843,1059064,,The Instigators,"Rory and Cobby are unlikely partners thrown together for a heist. But when it goes awry, they team up to outrun police, backward bureaucrats, and a vengeful crime boss.",/pIz9csYn1yjrzQi0BuBZNJrTMi0.jpg,,,,,X5oqpxi3U7M,"2024-08-02"
845,848326,,Rebel Moon - Part One: A Child of Fire,"When the ruthless forces of the Motherworld threaten a quiet farming village on a distant moon, a mysterious outsider becomes its best hope for survival.",/ui4DrH1cKk2vkHshcUcGt2lKxCm.jpg,,,,,_rHLOXbFZtI,"2023-12-15"
846,786892,,Furiosa: A Mad Max Saga,"As the world fell, young Furiosa is snatched from the Green Place of Many Mothers and falls into the hands of a great Biker Horde led by the Warlord Dementus. Sweeping through the Wasteland they come across the Citadel presided over by The Immortan Joe. While the two Tyrants war for dominance, Furiosa must survive many trials as she puts together the means to find her way home.",/iADOJ8Zymht2JPMoy3R7xceZprc.jpg,,,,,XJMuhwVlca4,"2024-05-22"
847,1023922,,MaXXXine,"In 1980s Hollywood, adult film star and aspiring actress Maxine Minx finally gets her big break. But as a mysterious killer stalks the starlets of Hollywood, a trail of blood threatens to reveal her sinister past.",/ArvoFK6nlouZRxYmtIOUzKIrg90.jpg,,,,,zzw__YmU8f0,"2024-07-04"
848,653346,,Kingdom of the Planet of the Apes,"Several generations following Caesar's reign, apes – now the dominant species – live harmoniously while humans have been reduced to living in the shadows. As a new tyrannical ape leader builds his empire, one young ape undertakes a harrowing journey that will cause him to question all he's known about the past and to make choices that will define a future for apes and humans alike.",/gKkl37BQuKTanygYQG1pyYgLVgf.jpg,,,,,NQ_HvTBaFoo,"2024-05-08"
844,573435,,Bad Boys: Ride or Die,"After their late former Captain is framed, Lowrey and Burnett try to clear his name, only to end up on the run themselves.",/oGythE98MYleE6mZlGs5oBGkux1.jpg,,,,,hRFY_Fesa9Q,"2024-06-05"
849,1032823,,Trap,"A father and teen daughter attend a pop concert, where they realize they're at the center of a dark and sinister event.",/mWV2fNBkSTW67dIotVTXDYZhNBj.jpg,,,,,hJiPAJKjUVg,"2024-07-31"
852,934632,,Rebel Moon - Part Two: The Scargiver,"The rebels gear up for battle against the ruthless forces of the Motherworld as unbreakable bonds are forged, heroes emerge — and legends are made.",/95gnJZIk2rEkMO0Ch46x5CVjnms.jpg,,,,,UEJuNHOd8Dw,"2024-04-19"
850,1022789,,Inside Out 2,"Teenager Riley's mind headquarters is undergoing a sudden demolition to make room for something entirely unexpected: new Emotions! Joy, Sadness, Anger, Fear and Disgust, who’ve long been running a successful operation by all accounts, aren’t sure how to feel when Anxiety shows up. And it looks like she’s not alone.",/vpnVM9B6NMmQpWeZvzLvDESb2QY.jpg,,,,,VWavstJydZU,"2024-06-11"
851,365177,,Borderlands,"Returning to her home planet, an infamous outlaw forms an unexpected alliance with a team of unlikely heroes. Together, they battle alien monsters and dangerous bandits to find a missing girl who holds the key to unimaginable power.",/lrlSOlTiIlTQqVqJGW4HaWjJaBJ.jpg,,,,,lU_NKNZljoQ,"2024-08-07"
854,1079091,,It Ends with Us,Lily overcomes a traumatic childhood to embark on a new life. A chance meeting with neurosurgeon Ryle sparks a connection but Lily begins to see sides of him that remind her of her parents' relationship.,/AjV6jFJ2YFIluYo4GQf13AA1tqu.jpg,,,,,DLET_u31M4M,"2024-08-07"
856,1008409,,The Bikeriders,"After a chance encounter, headstrong Kathy is drawn to Benny, member of Midwestern motorcycle club the Vandals. As the club transforms into a dangerous underworld of violence, Benny must choose between Kathy and his loyalty to the club.",/qTb6sSRt8Pw96JTan8ezU2xO0FU.jpg,,,,,SolhWny1zF4,"2024-06-19"
857,746036,,The Fall Guy,"Fresh off an almost career-ending accident, stuntman Colt Seavers has to track down a missing movie star, solve a conspiracy and try to win back the love of his life while still doing his day job.",/tSz1qsmSJon0rqjHBxXZmrotuse.jpg,,,,,j7jPnwVGdZ8,"2024-04-24"
858,293660,,Deadpool,"The origin story of former Special Forces operative turned mercenary Wade Wilson, who, after being subjected to a rogue experiment that leaves him with accelerated healing powers, adopts the alter ego Deadpool. Armed with his new abilities and a dark, twisted sense of humor, Deadpool hunts down the man who nearly destroyed his life.",/3E53WEZJqP6aM84D8CckXx4pIHw.jpg,,,,,FyKWUTwSYAs,"2016-02-09"
853,945961,,Alien: Romulus,"While scavenging the deep ends of a derelict space station, a group of young space colonizers come face to face with the most terrifying life form in the universe.",/b33nnKl1GSFbao4l3fZDDqsMx0F.jpg,,,,,OzY2r2JXsDM,"2024-08-14"
855,1281826,,One Fast Move,"A dishonorably discharged soldier seeks out his estranged father to help him pursue his dream of becoming a professional motorcycle racer. While training, he meets a small-town, aspiring singer and a motorcycle shop owner who begin to break down the walls his father’s absence had built up.",/hdBUjfbdr1ymS0kycAT7qguOmWA.jpg,,,,,vGpbT392Itg,"2024-08-07"
859,929590,,Civil War,"In the near future, a group of war journalists attempt to survive while reporting the truth as the United States stands on the brink of civil war.",/sh7Rg8Er3tFcN9BpKIPOMvALgZd.jpg,,,,,aDyQxtg0V2w,"2024-04-10"
860,799583,,The Ministry of Ungentlemanly Warfare,"During World War II, the British Army assigns a group of competent soldiers to carry out a mission against the Nazi forces behind enemy lines... A true story about a secret British WWII organization – the Special Operations Executive. Founded by Winston Churchill, their irregular warfare against the Germans helped to change the course of the war, and gave birth to modern black operations.",/8aF0iAKH9MJMYAZdi0Slg77RYa2.jpg,,,,,zvwDen1Wrx8,"2024-04-18"
861,1226578,,Longlegs,"In pursuit of a serial killer, an FBI agent uncovers a series of occult clues that she must solve to end his terrifying killing spree.",/5aj8vVGFwGVbQQs26ywhg4Zxk2L.jpg,,,,,"48wg-_VzD04","2024-07-10"
862,748783,,The Garfield Movie,"Garfield, the world-famous, Monday-hating, lasagna-loving indoor cat, is about to have a wild outdoor adventure! After an unexpected reunion with his long-lost father – scruffy street cat Vic – Garfield and his canine friend Odie are forced from their perfectly pampered life into joining Vic in a hilarious, high-stakes heist.",/xYduFGuch9OwbCOEUiamml18ZoB.jpg,,,,,IeFWNtMo1Fs,"2024-04-30"
866,639720,,IF,A young girl who goes through a difficult experience begins to see everyone's imaginary friends who have been left behind as their real-life friends have grown up.,/xbKFv4KF3sVYuWKllLlwWDmuZP7.jpg,,,,,el0N_MDcp0Y,"2024-05-08"
863,383498,,Deadpool 2,Wisecracking mercenary Deadpool battles the evil and powerful Cable and other bad guys to save a boy's life.,/to0spRl1CMDvyUbOnbb4fTk3VAd.jpg,,,,,D86RtevtfrA,"2018-05-10"
865,831815,,Saving Bikini Bottom: The Sandy Cheeks Movie,"When Bikini Bottom is scooped from the ocean, scientific squirrel Sandy Cheeks and her pal SpongeBob SquarePants saddle up for Texas to save their town.",/30YnfZdMNIV7noWLdvmcJS0cbnQ.jpg,,,,,Ud6-SGnzH3k,"2024-08-01"
864,693134,,Dune: Part Two,"Follow the mythic journey of Paul Atreides as he unites with Chani and the Fremen while on a path of revenge against the conspirators who destroyed his family. Facing a choice between the love of his life and the fate of the known universe, Paul endeavors to prevent a terrible future only he can foresee.",/1pdfLvkbY9ohJlCjQH2CZjjYVvJ.jpg,,,,,Way9Dexny3w,"2024-02-27"
868,1048241,,My Spy The Eternal City,"JJ, a veteran CIA agent, reunites with his protégé Sophie, in order to prevent a catastrophic nuclear plot targeting the Vatican.",/Bf3vCfM94bSJ1saZlyi0UW0e0U.jpg,,,,,"6xJ1F7yFsnU","2024-07-18"
869,664,,Twister,"An unprecedented series of violent tornadoes is sweeping across Oklahoma. Tornado chasers, headed by Dr. Jo Harding, attempt to release a groundbreaking device that will allow them to track them and create a more advanced warning system. They are joined by Jo's soon to be ex-husband Bill, a former tornado chaser himself, and his girlfriend Melissa.",/opR82XVNZ5A57FcQmxtNniKwR1Y.jpg,,,,,FB7haistlIE,"1996-05-10"
872,7451,,xXx,"Xander Cage is your standard adrenaline junkie with no fear and a lousy attitude. When the US Government ""recruits"" him to go on a mission, he's not exactly thrilled. His mission: to gather information on an organization that may just be planning the destruction of the world, led by the nihilistic Yorgi.",/xeEw3eLeSFmJgXZzmF2Efww0q3s.jpg,,,,,NgPdDDzVhkA,"2002-08-09"
867,1002088,,Mission: Cross,"In the ultimate test of marriage, an agent-turned-househusband gets tangled in a perilous mission with his detective wife, who's clueless about his past.",/aE9WqOApdRYsowsGE0118dyA4c9.jpg,,,,,ukOQwgbZk9U,"2024-08-05"
870,348,,Alien,"During its return to the earth, commercial spaceship Nostromo intercepts a distress signal from a distant planet. When a three-member team of the crew discovers a chamber containing thousands of eggs on the planet, a creature inside one of the eggs attacks an explorer. The entire crew is unaware of the impending nightmare set to descend upon them when the alien parasite planted inside its unfortunate host is birthed.",/vfrQk5IPloGg1v9Rzbh2Eg3VGyM.jpg,,,,,L2VWfWC-wI4,"1979-05-25"
874,280180,,Beverly Hills Cop: Axel F,"Forty years after his unforgettable first case in Beverly Hills, Detroit cop Axel Foley returns to do what he does best: solve crimes and cause chaos.",/zszRKfzjM5jltiq8rk6rasKVpUv.jpg,,,,,qBG3iyr5N70,"2024-06-20"
875,671,,Harry Potter and the Philosopher's Stone,"Harry Potter has lived under the stairs at his aunt and uncle's house his whole life. But on his 11th birthday, he learns he's a powerful wizard—with a place waiting for him at the Hogwarts School of Witchcraft and Wizardry. As he learns to harness his newfound powers with the help of the school's kindly headmaster, Harry uncovers the truth about his parents' deaths—and about the villain who's to blame.",/wuMc08IPKEatf9rnMNXvIDxqP4W.jpg,,,,,PbdM1db3JbY,"2001-11-16"
876,1126357,,Borderless Fog,A big-city detective investigates a series of gruesome murders along the Indonesia-Malaysia border — forcing her to confront ghosts from her past.,/z6uPuxzFJs7OyTPrl5V0XUITKj5.jpg,,,,,wWVM1qK909E,"2024-07-31"
871,726139,,Project Silence,"Due to sudden deteriorating weather conditions, visibility on the Airport Bridge is severely impaired, leaving people stranded and at risk of the bridge collapsing due to a series of chain collisions and explosions. Amidst the chaos, the canine subjects ""Echo"" from the military experiment ""Project Silence,"" who were being transported in secret, break free, and all human survivors become targets of relentless attacks.",/aojc4ThuOvH4UzQAhyLFoJxYUz3.jpg,,,,,eirYdH45mR8,"2024-07-11"
873,823464,,Godzilla x Kong: The New Empire,"Following their explosive showdown, Godzilla and Kong must reunite against a colossal undiscovered threat hidden within our world, challenging their very existence – and our own.",/z1p34vh7dEOnLDmyCrlUVLuoDzd.jpg,,,,,lV1OOlGwExM,"2024-03-27"
877,774531,,Young Woman and the Sea,"This is the extraordinary true story of Trudy Ederle, the first woman to successfully swim the English Channel. Through the steadfast support of her older sister and supportive trainers, she overcame adversity and the animosity of a patriarchal society to rise through the ranks of the Olympic swimming team and complete the 21-mile trek from France to England.",/bZlecCuBVvKuarNGvchBwaOsQ3c.jpg,,,,,"7tNvrYzPUrk","2024-05-31"
878,20352,,Despicable Me,"Villainous Gru lives up to his reputation as a despicable, deplorable and downright unlikable guy when he hatches a plan to steal the moon from the sky. But he has a tough time staying on task after three orphans land in his care.",/9lOloREsAhBu0pEtU0BgeR1rHyo.jpg,,,,,hocFEDWUe7Q,"2010-07-08"
885,1072693,,Phir Aayi Hasseen Dillruba,"While evading the cops in Agra, Rani and Rishu scheme to run away together. But when their plans go awry, Rani asks a mild-mannered admirer for help.",/lIBjLUAAw2bzeOHBJIKiZI4QDL0.jpg,,,,,,"2024-08-09"
880,438631,,Dune,"Paul Atreides, a brilliant and gifted young man born into a great destiny beyond his understanding, must travel to the most dangerous planet in the universe to ensure the future of his family and his people. As malevolent forces explode into conflict over the planet's exclusive supply of the most precious resource in existence-a commodity capable of unlocking humanity's greatest potential-only those who can conquer their fear will survive.",/d5NXSklXo0qyIYkgV94XAgMIckC.jpg,,,,,n9xhJrPXop4,"2021-09-15"
879,447332,,A Quiet Place,A family is forced to live in silence while hiding from creatures that hunt by sound.,/nAU74GmpUk7t5iklEp3bufwDq4n.jpg,,,,,p9wE8dyzEJE,"2018-04-03"
881,967847,,Ghostbusters: Frozen Empire,"When the discovery of an ancient artifact unleashes an evil force, Ghostbusters new and old must join forces to protect their home and save the world from a second Ice Age.",/e1J2oNzSBdou01sUvriVuoYp0pJ.jpg,,,,,wFNK_KEmcWs,"2024-03-20"
882,508883,,The Boy and the Heron,"While the Second World War rages, the teenage Mahito, haunted by his mother's tragic death, is relocated from Tokyo to the serene rural home of his new stepmother Natsuko, a woman who bears a striking resemblance to the boy's mother. As he tries to adjust, this strange new world grows even stranger following the appearance of a persistent gray heron, who perplexes and bedevils Mahito, dubbing him the ""long-awaited one.""",/f4oZTcfGrVTXKTWg157AwikXqmP.jpg,,,,,t5khm-VjEu4,"2023-07-14"
884,843416,,Daddio,A woman taking a cab ride from JFK engages in a conversation with the driver about the important relationships in their lives.,/dyrCsHUhOfpuci51lHcdAnO3db0.jpg,,,,,ZauGeKc_NRs,"2024-06-27"
890,858017,,I Saw the TV Glow,"Teenager Owen is just trying to make it through life in the suburbs when his classmate Maddy introduces him to a mysterious late-night TV show — a vision of a supernatural world beneath their own. In the pale glow of the television, Owen’s view of reality begins to crack.",/a6ybCvFEr2DNt0H9z5cO1L27WYG.jpg,,,,,kymDzCgPwj0,"2024-05-03"
888,150540,,Inside Out,"When 11-year-old Riley moves to a new city, her Emotions team up to help her through the transition. Joy, Fear, Anger, Disgust and Sadness work together, but when Joy and Sadness get lost, they must journey through unfamiliar places to get back home.",/2H1TmgdfNtsKlU9jKdeNyYL5y8T.jpg,,,,,_MC3XuMvsDI,"2015-06-17"
883,263115,,Logan,"In the near future, a weary Logan cares for an ailing Professor X in a hideout on the Mexican border. But Logan's attempts to hide from the world and his legacy are upended when a young mutant arrives, pursued by dark forces.",/fnbjcRDYn6YviCcePDnGdyAkYsB.jpg,,,,,Div0iP65aZo,"2017-02-28"
887,1308757,,Dead Sea,"Stranded in the open sea after a fatal accident, a young woman and her two friends are rescued by a fishing vessel's captain, unaware that the ship harbors a chilling secret.",/1VmbJsxJZgVjp69zxMFBL2OlkRr.jpg,,,,,QXO439zDgLA,"2024-07-26"
886,618588,,Arthur the King,"Over the course of ten days and 435 miles, an unbreakable bond is forged between pro adventure racer Michael Light and a scrappy street dog companion dubbed Arthur. As the team is pushed to their outer limits of endurance in the race, Arthur redefines what victory, loyalty and friendship truly mean.",/zkKB3kOun5DKAkm61pHvLbrjxfa.jpg,,,,,wjDJNEPghNY,"2024-03-15"
896,634649,,Spider-Man: No Way Home,"Peter Parker is unmasked and no longer able to separate his normal life from the high-stakes of being a super-hero. When he asks for help from Doctor Strange the stakes become even more dangerous, forcing him to discover what it truly means to be Spider-Man.",/1g0dhYtq4irTY1GPXvft6k4YLjm.jpg,,,,,WgU7P6o-GkM,"2021-12-15"
897,940721,,Godzilla Minus One,"In postwar Japan, Godzilla brings new devastation to an already scorched landscape. With no military intervention or government help in sight, the survivors must join together in the face of despair and fight back against an unrelenting horror.",/hkxxMIGaiCTmrEArK7J56JTKUlB.jpg,,,,,r7DqccP1Q_4,"2023-11-03"
891,974262,,Descendants: The Rise of Red,"After the Queen of Hearts incites a coup on Auradon, her rebellious daughter Red and Cinderella's perfectionist daughter Chloe join forces and travel back in time to try to undo the traumatic event that set Red's mother down her villainous path.",/t9u9FWpKlZcp0Wz1qPeV5AIzDsk.jpg,,,,,"1cIn69VsV9g","2024-07-11"
893,932086,,Horizon: An American Saga - Chapter 1,"Follow the story of how the Old West was won—and lost—through the blood, sweat and tears of many. Spanning 15 years before, during and following the Civil War from 1859 to 1874, embark on an emotional journey across a country at war with itself, experienced through the lens of families, friends and foes all attempting to discover what it truly means to be the United States of America.",/hqDkO0W9uk4aiwzn3pTeLO7NPZD.jpg,,,,,YYsReoZMj1k,"2024-06-26"
898,520763,,A Quiet Place Part II,"Following the events at home, the Abbott family now face the terrors of the outside world. Forced to venture into the unknown, they realize that the creatures that hunt by sound are not the only threats that lurk beyond the sand path.",/4q2hz2m8hubgvijz8Ez0T2Os2Yv.jpg,,,,,XEMwSdne6UE,"2021-05-21"
894,1111873,,Abigail,"A group of criminals kidnaps a teenage ballet dancer, the daughter of a notorious gang leader, in order to obtain a ransom of $50 million, but over time, they discover that she is not just an ordinary girl. After the kidnappers begin to diminish, one by one, they discover, to their increasing horror, that they are locked inside with an unusual girl.",/rx0Sg4cK5gO6QKkyI0JAGT5tLJb.jpg,,,,,"3PsP8MFH8p0","2024-04-16"
889,872585,,Oppenheimer,The story of J. Robert Oppenheimer's role in the development of the atomic bomb during World War II.,/8Gxv8gSFCU0XGDykEGv7zR1n2ua.jpg,,,,,bK6ldnjE3Y0,"2023-07-19"
892,1726,,Iron Man,"After being held captive in an Afghan cave, billionaire engineer Tony Stark creates a unique weaponized suit of armor to fight evil.",/78lPtwv72eTNqFW9COBYI0dWDJa.jpg,,,,,KAE5ymVLmZg,"2008-04-30"
895,11,,Star Wars,Princess Leia is captured and held hostage by the evil Imperial forces in their effort to take over the galactic Empire. Venturesome Luke Skywalker and dashing captain Han Solo team together with the loveable robot duo R2-D2 and C-3PO to rescue the beautiful princess and restore peace and justice in the Empire.,/6FfCtAuVAW8XJjZ7eWeLibRLWTw.jpg,,,,,mSvPxNopdHs,"1977-05-25"
712,14836,,Coraline,"Wandering her rambling old house in her boring new town, 11-year-old Coraline discovers a hidden door to a strangely idealized version of her life. In order to stay in the fantasy, she must make a frighteningly real sacrifice.",/4jeFXQYytChdZYE9JYO7Un87IlW.jpg,,,,,vlv4yzsmwyI,"2009-02-05"
717,588648,,Dragonkeeper,"Set in Han Imperial China, the plot follows the adventures of enslaved girl Ping with ancient dragon Long Danzi. Dragons had been banished from the kingdom. Ping, an orphan, finds one of the last remaining dragon eggs. Palace guards force Ping to run away in order to return the dragon egg to the ocean and save all dragons from extinction. Ping discovers that she is a true Dragonkeeper.",/ggZGnJLzO3BTu7ysuuIzou3Oex5.jpg,,,,,"64V_Drr_3v0","2024-04-11"
757,886083,,Deadstream,"A disgraced internet personality attempts to win back his followers by livestreaming one night alone in a haunted house. But when he accidentally pisses off a vengeful spirit, his big comeback event becomes a real-time fight for his life.",/5rsS8m61oHTjoTKfDWVMF3OHnww.jpg,,,,,IPsjtYmG7MA,"2022-10-20"
706,1104844,,BLUE LOCK THE MOVIE -EPISODE NAGI-,"One day, Nagi Seishiro receives an invitation to the mysterious BLUE LOCK Project. What awaits him there is an encounter with the finest strikers assembled from across the country. Nagi's dream of becoming the best, alongside Mikage Reo, will take this prodigy to a world he's never known.",/ae434jM5NG2kKX1rRkG5giMhpPI.jpg,,,,,"6NCsj0anAt8","2024-04-19"
718,626412,,Alienoid: Return to the Future,"Ean has a critical mission to return to the future to save everyone. However, she becomes trapped in the distant past while trying to prevent the escape of alien prisoners who are locked up in the bodies of humans. Meanwhile, Muruk, who helps Ean escape various predicaments, is unnerved when he begins sensing the presence of a strange being in his body. Traveling through the centuries, they are trying to prevent the explosion of the haava.",/4RClncz0GTKPZzSAcAalHCw0h3g.jpg,,,,,s3MawvrYNH4,"2024-01-10"
729,1221404,,Crayon Shin-chan the Movie: Our Dinosaur Diary,"Follow the friendship between the Nobara family's pet dog Shiro and a ""small dinosaur"". Their connection helps the growth of Shinnosuke and the Kusakabe Defense Squad.",/aJ59RwGsDihgrGJnLxEBvwiM4Xr.jpg,,,,,,"2024-08-09"
719,1063879,,Infested,"Residents of a rundown French apartment building battle against an army of deadly, rapidly reproducing spiders.",/dY98PkUAbIGUUg0FhXEcOkbzHIZ.jpg,,,,,LR-uiy20_zM,"2023-12-27"
721,1017163,,The Roundup: Punishment,'Monster Cop' Ma Seok-do investigates an illegal online gambling business led by a former STS Baek and an IT genius CEO Chang. Ma proposes an unexpected alliance to Jang and begins hunting down the criminals.,/r7LHM9MsPEipFCBPbsV6nHzSw3D.jpg,,,,,mc9wrvHFTTo,"2024-04-24"
722,869291,,Cuckoo,"After reluctantly moving to the German Alps with her father and his new family, Gretchen discovers that their new town hides sinister secrets, as she's plagued by strange noises and frightening visions of a woman pursuing her.",/4bGP5cnSZbfBJfIidZNSEIKnav7.jpg,,,,,NuON7HH0UkQ,"2024-08-02"
723,812037,,Last Summer,"One summer, a French teenager who has been living with his mother in the city moves in with his estranged father’s family in the countryside, where he clashes with his stepmother.",/tOSIz25VWSuCVIqCRV8cTVKSn7Z.jpg,,,,,z5cq-Nkf_e8,"2023-09-13"
724,1084736,,The Count of Monte-Cristo,"Edmond Dantes becomes the target of a sinister plot and is arrested on his wedding day for a crime he did not commit. After 14 years in the island prison of Château d’If, he manages a daring escape. Now rich beyond his dreams, he assumes the identity of the Count of Monte-Cristo and exacts his revenge on the three men who betrayed him.",/aHRUsFln97FlIdsvYKFT3z5ubYE.jpg,,,,,"8Q6y1waxlTY","2024-06-28"
727,840705,,Blink Twice,"When tech billionaire Slater King meets cocktail waitress Frida at his fundraising gala, he invites her to join him and his friends on a dream vacation on his private island. As strange things start to happen, Frida questions her reality.",/lZGOK0I2DJSRlEPNOAFTSNxSjDD.jpg,,,,,aMcmfonGWY4,"2024-08-21"
725,103731,,Mud,Two boys find a fugitive hiding out on an island in the Mississippi River and form a pact to help him reunite with his lover and escape.,/o2jT5jQdKh1HAF0fMKuGwBOwOYB.jpg,,,,,DTEDfEhKwLo,"2013-04-26"
726,747,,Shaun of the Dead,"Shaun lives a supremely uneventful life, which revolves around his girlfriend, his mother, and, above all, his local pub. This gentle routine is threatened when the dead return to life and make strenuous attempts to snack on ordinary Londoners.",/dgXPhzNJH8HFTBjXPB177yNx6RI.jpg,,,,,cqDy3dXLBO8,"2004-04-09"
730,1167366,,Uranus 2324,"Love and Farewell intertwine in the tale of two souls, Kath and Lin, who are destined to be apart. As Kath descends into the ocean's depths, Lin faces a solar storm in the vastness of space. Their struggles are immense, yet they bring them together in the multiverse. Despite their meetings, happiness eludes them. Every world they encounter presents new barriers, leading to separation, loss, and heartbreak. Continually wounded by fate, they are challenged to overcome their destined separation. Can they defy fate, find true love, and finally live happily together?",/zTD9HytRG1nfP5pdOAYmPyXj05d.jpg,,,,,x8Fd8qMbqw4,"2024-07-04"
728,1147710,,Hijack 1971,"Pilots Tae-in and Gyu-sik are set to fly to Gimpo. Under the guidance of flight attendant Ok-soon, passengers are busy boarding. However, shortly after takeoff, a homemade bomb explodes, turning the cabin into chaos.",/1ahGkWMv8Cehlf3hwCSlwJdXaej.jpg,,,,,UxyutkXQnvA,"2024-06-21"
734,1209217,,Case Closed: The Million-Dollar Pentagram,"A message has arrived from Kid the Phantom Thief, that he will steal a Japanese sword belonging to wealthy Onoe Family in Hakodate, Hokkaido. Conan and Heiji Hattori, who happened to be in Hakodate, are on the case to capture Kid. Coincidentally the family lawyer of Onoe is found murdered in the warehouse district, apparently slaughtered by a Japanese sword. The suspect is an investor/arms dealer who is said to be after Onoe family’s hidden treasure. In the North among cherry blossoms, the exciting hunt for treasure begins!",/gjEYLp8hCcNajuAmfJPzR6bpCKv.jpg,,,,,"5sccnTD-KUg","2024-04-12"
732,1094138,,Jackpot!,"In the near future, a 'Grand Lottery' has been established - the catch: kill the winner before sundown to legally claim their multi-billion dollar jackpot. When Katie Kim mistakenly finds herself with the winning ticket, she reluctantly joins forces with amateur lottery protection agent Noel Cassidy who must get her to sundown in exchange for a piece of her prize.",/w0BMlzfDycznvyekOhblz4gE4wc.jpg,,,,,IW7pIYtpp50,"2024-08-14"
736,5548,,RoboCop,"In a violent, near-apocalyptic Detroit, evil corporation Omni Consumer Products wins a contract from the city government to privatize the police force. To test their crime-eradicating cyborgs, the company leads street cop Alex Murphy into an armed confrontation with crime lord Boddicker so they can use his body to support their untested RoboCop prototype. But when RoboCop learns of the company's nefarious plans, he turns on his masters.",/hHtOgGb3NihlyRATHlKPaFApbrd.jpg,,,,,"3mYNl6GcCWQ","1987-07-17"
735,1103621,,How to Make Millions Before Grandma Dies,"A man quits work to care for dying grandmother, motivated by her fortune. He schemes to win her favor before she passes.",/aAnTgKWZ8UdMQTc9EebMLkowqhm.jpg,,,,,HrVX_nHNIUA,"2024-04-04"
733,28,,Apocalypse Now,"At the height of the Vietnam war, Captain Benjamin Willard is sent on a dangerous mission that, officially, ""does not exist, nor will it ever exist."" His goal is to locate - and eliminate - a mysterious Green Beret Colonel named Walter Kurtz, who has been leading his personal army on illegal guerrilla missions into enemy territory.",/gQB8Y5RCMkv2zwzFHbUJX3kAhvA.jpg,,,,,Nd2QtwblrsE,"1979-08-15"
813,950387,,Minecraft,A film adaptation to the hit video game sandbox series Minecraft. Plot TBA.,/8QXztkfy0y7nLgUhy8fGfokSloM.jpg,,,,,,"2025-04-02"
814,936075,,Michael,"An in-depth portrayal of Michael Jackson, a complicated man, who became the King of Pop. The biopic will bring to life Jackson’s most iconic performances as it gives an informed insight into the entertainer’s artistic process and personal life.",/OJnvJXpRZZEfYj4L3WfEDQsaYQ.jpg,,,,,,"2025-04-16"
738,1312871,,Ang Pintor At Ang Paraluman,"An artist meets a mysterious woman who becomes his model for his nude artwork. He then fantasizes making love with her; however, he always remembers her number one rule - she can't be touched.",/kQ3bGwCwMxwwm0wM6faLCYQD6iB.jpg,,,,,,"2024-08-16"
737,923667,,Twilight of the Warriors: Walled In,"Set in the 1980s, troubled youth Chan Lok-kwun accidentally enters the Walled City, discovers the order amidst its chaos, and learns important life lessons along the way. In the Walled City, he becomes close friends with Shin, Twelfth Master and AV. Under the leadership of Cyclone, they resist against the invasion of villain Mr. Big in a series of fierce battles. Together, they vow to protect the safe haven that is Kowloon Walled City.",/PywbVPeIhBFc33QXktnhMaysmL.jpg,,,,,C2-XQtD5nwI,"2024-04-23"
739,1222274,,Crimson Snout,The return of Nam and his girlfriend Xuan brings countless troubles to the family. He gradually discovers the broken relationships of the family members.,/6xXVV3kB0gKKJKIGI5CvXvFmaGx.jpg,,,,,,"2023-12-29"
741,1119774,,Chantal in Fairyland,"Chantal, an influencer with no followers, and her best friend Zeynep end up in a fairytale world thanks to an antique magic mirror that they think is a social media gimmick. The marriage-mad princes didn't expect such a badass princess. Thanks to her ghetto skills, Chantal does away with reactionary fairytale clichés, fights against curses and tyrannical kings - and, above all, fights for her friendship with Zeynep.",/q0eSHbzZqCPLUNMUk59x5tcT3Cw.jpg,,,,,,"2024-03-28"
742,1147416,,"Miraculous World, London: At the Edge of Time","Marinette, now Chronobug, and Bunnyx must save the future by resolving the mystery of who dicovered Marinette's identity as Ladybug, when, and how they stole her Miraculous. Throughout the adventure, they learn that the Butterfly Miraculous has a new holder, the one who unraveled the ultimate secret. Ladybug's only hope is to defeat her opponent to prevent the end of Ladybug",/g4ShHhp0WOnVlpaOo3A8pKQlj3r.jpg,,,,,,"2024-08-31"
755,1296169,,Shadows of Destiny - A Gravity Falls Fanfilm,"Five years after the defeat of Bill Cipher, Mabel and Dipper Pines prepares their 18th birthday party. But when Robbie Valentino and his friends break into Ford's inventory of anomalies, a dark force from the past awakens.",/s3vWlw7ZRHTPnXkXq9LaEELX7As.jpg,,,,,,"2024-08-15"
740,975902,,Boudica,"Inspired by events in A.D. 60, Boudica follows the eponymous Celtic warrior who rules the Iceni people alongside her husband Prasutagus. When he dies at the hands of Roman soldiers, Boudica’s kingdom is left without a male heir and the Romans seize her land and property.  Driven to the edge of madness and determined to avenge her husband’s death, Boudica rallies the various tribes from the region and wages an epic war against the mighty Roman empire.",/adMcxfUonnm9RvPImGHy25wYUks.jpg,,,,,W3zcjfAMYnA,"2023-10-26"
744,1064028,,Subservience,"With his wife out sick, a struggling father brings home a lifelike AI—only to have his self-aware new help want everything her new family has to offer, like the affection of her owner. And she'll kill to get it.",/8f2fZ6JaYQ5gOfmC4sjxuX3gJZ8.jpg,,,,,z6DLdqf0Bs0,"2024-08-15"
745,1112426,,Stree 2,"A hollow headless creature 'Sarkata' is spreading terror in the sleepy small town of Chanderi. The trio of Vicky, Jana and Bittu, along with the wise man Rudra summon 'Stree', who has her own secrets, to save them and the town from the new monster.",/zgxpT5Q5pe3FtL99F0UOIglPGrQ.jpg,,,,,VlvOgk5BHS4,"2024-08-15"
743,1025491,,Freud's Last Session,"On the eve of the Second World War, two of the greatest minds of the twentieth century, C.S. Lewis and Sigmund Freud converge for their own personal battle over the existence of God. The film interweaves the lives of Freud and Lewis, past, present, and through fantasy, bursting from the confines of Freud’s study on a dynamic journey.",/mp7IBxFuvNZSVOOGESybvaPxd7y.jpg,,,,,-lM65Dm6Ytc,"2023-12-22"
746,1127824,,Double iSmart,"When a dead police officer's memories are transplanted to his brain, an assassin assists the authorities.",/vmSeOK6pFxFL8Yn5x1uafOcIaiy.jpg,,,,,ym0upoayqJg,"2024-08-14"
748,1032425,,The Dead Don't Hurt,"In the 1860s, fiercely independent French-Canadian Vivienne Le Coudy embarks on a journey with Danish immigrant Holger Olsen, attempting to forge a life together in the dusty town of Elk Flats, Nevada. When Holger decides to go fight for the Union in the burgeoning Civil War, Vivienne must fend for herself, which isn't easy in a town controlled by a corrupt mayor.",/h5rP0l3n6y8GNMuPVrUANKnQkSY.jpg,,,,,Xgv25Ni_jv0,"2024-05-01"
749,734002,,The Peasants,"Peasant girl Jagna is forced to marry the much older, wealthy farmer Boryna, despite her love for his son Antek. With time, Jagna becomes the object of envy and disdain with the villagers and she must fight to preserve her independence.",/vxwdArOG3R5AUHdvmwE4e7MLc0z.jpg,,,,,RfsoP--5_NM,"2023-10-13"
751,843,,In the Mood for Love,"In Hong Kong of 1962, Mrs. Chan and Mr. Chow, a journalist, move into neighbouring apartments on the same day. Their encounters are formal and polite—until a discovery about their respective spouses creates an intimate bond between them.",/iYypPT4bhqXfq1b6EnmxvRt6b2Y.jpg,,,,,dWVDZ98AFhI,"2000-09-29"
750,1008102,,Rally Road Racers,"Zhi, a rookie race car driver, gets the opportunity to compete against the reigning champion of the rally car circuit. With help from a former driver-turned-mechanic, Zhi must overcome treacherous terrain, rival racers, and unexpected obstacles to prove he has what it takes to be the next great racer.",/e9L7N5z3qHHgSNUIUuBSaicQvpT.jpg,,,,,"6S1oRHIpV3w","2023-05-12"
754,1116490,,Cash Out,"Criminal mastermind Mason is about to execute the score of a lifetime when his lover and key member of his crew, Decker, takes the team down and reveals she’s an undercover Interpol agent. Heartbroken, Mason escapes and retires from the life of crime until his younger brother Shawn is out of his league taking on a big bank heist all on his own. Mason has no choice left but to come to the rescue, while Interpol brings Decker in hoping to unnerve him. Before the SWAT teams storm the bank, Mason must use every tool in his arsenal to not only escape with the prize, but also the love of his life.",/v3youHDLigrtIis1NqTjlY8Sk38.jpg,,,,,aM4REXXrbvE,"2024-04-26"
753,1186532,,The Forge,"19 year old Isaiah Wright lives for basketball and video games. A year out of high school, he still has no job, no plans, and no idea how to be a man. At odds with his single mother Cynthia, Isaiah is given an ultimatum – to step up or move out. Feeling the pull from his friends and the push from his mom, Isaiah is hired by Moore Fitness, unaware of how the owner will personally impact his life. With the prayers of his mother and unexpected guidance from his new mentor, Isaiah is forced to deal with his past, sacrifice his selfishness and discover how God might have a greater purpose for his life.",/3mlyu5R8EnKst5UHPEx46meduNP.jpg,,,,,HjssF55F05I,"2024-08-23"
756,1148486,,Vedaa,"It is the story of a young woman who fought back, steered and championed by the one man she believed was her saviour, who became her weapon. It is the story of a man who found himself in helping Vedaa find justice.",/lOqxIxX6tSjEB7J5mqktFxPhUZy.jpg,,,,,eGfYMhdKR0Q,"2024-08-15"
758,5511,,Le Samouraï,"After carrying out a flawlessly planned hit, Jef Costello, a contract killer with samurai instincts, finds himself caught between a persistent police investigator and a ruthless employer, and not even his armor of fedora and trench coat can protect him.",/5Fa6o5nfUPEatQ9b3OwEvdEdR7T.jpg,,,,,eAIj412aeQA,"1967-10-25"
780,1129598,,Prey,A young couple is compelled to leave their Christian missionary station in the Kalahari Desert after being threatened with death by an extremist militant gang. After crashing their aircraft they must battle man and beast for their lives.,/5wAlO5zZ3IyzLBAf7cp5WejalmG.jpg,,,,,"7KduJUygxKE","2024-03-15"
781,1066262,,The Convert,"Munro, a soldier turned lay preacher, comes to New Zealand to minister to the first British colonists, but he is converted by the powerful chief Maianui to serve a different purpose.",/e5ZqqPlhKstzB4geibpZh38w7Pq.jpg,,,,,PI4Z7t3AZ5E,"2024-03-14"
796,938614,,Late Night with the Devil,"A live broadcast of a late-night talk show in 1977 goes horribly wrong, unleashing evil into the nation's living rooms.",/jGY62i0D0zitaGz4Ema7vTEYIXw.jpg,,,,,TiwvEtimLzQ,"2024-03-19"
799,986056,,Thunderbolts*,A world without Avengers doesn't mean there's not a group of superheroes. There is a group and they're called the Thunderbolts.,/oVUZVSzvY7Ode4LzVphY2HWz4MA.jpg,,,,,,"2025-04-30"
801,1234821,,Untitled Jurassic World Movie,"The seventh installment in the Jurassic World franchise, to be set in a new era with an all-new storyline. Plot TBA.",/2ZzM4mARxFxZEveuD40mP2RkUvU.jpg,,,,,,"2025-07-02"
803,1097549,,Babygirl,A career woman in her 40s embarks on an affair with a 21-year-old intern.,/sr7ysBozEsVMIz0ISnRjOf1l8iT.jpg,,,,,,"2024-12-20"
805,1232449,,Young Hearts,"Fourteen-year-old Elias increasingly feels like an outsider in his village. When he meets his new neighbour of the same age, Alexander, Elias is confronted with his burgeoning sexuality.",/7kbwC76K2imfN8YKf0hQVcZf2G7.jpg,,,,,,"2024-10-10"
811,1103857,,Verona's Romeo & Juliet,"Set in 1301 at the end of Medieval times, our most famous star-crossed lovers turn the tides on the history Shakespeare based his own story on, as they reveal the truth to the very future of the Empire. But the biggest twist in this most beloved of tales, is leaving the poetry of Iambic Pentameter in the past, for the original pop music that rockets these ever-present themes right to the heart of our characters in the most surprising, and perhaps most powerful way that has ever been seen, or heard, before... The greatest love story of all time, set to the greatest music of our time.",/kxwUJI9RMr1iYk6OpynT2mae53s.jpg,,,,,,"2025-02-14"
812,1035259,,Untitled Naked Gun Reboot,"Follow the misadventures of Detective Frank Drebin's son, Frank Drebin Jr., in this sequel to ""Naked Gun 33 1/3: The Final Insult"".",/ouYUXBUPjw9VPY53vum2HVYv1VR.jpg,,,,,,"2025-07-16"
800,426063,,Nosferatu,"A gothic tale of obsession between a haunted young woman and the terrifying vampire infatuated with her, causing untold horror in its wake.",/gVjHF375pdFANPMXUT3aJxoOi0J.jpg,,,,,b59rxDB_JRg,"2024-12-24"
802,516729,,Paddington in Peru,"Paddington travels to Peru to visit his beloved Aunt Lucy, who now resides at the Home for Retired Bears. With the Brown Family in tow, a thrilling adventure ensues when a mystery plunges them into an unexpected journey through the Amazon rainforest and up to the mountain peaks of Peru.",/u8wcdmeDgx9AJcSnakMZixXWU4j.jpg,,,,,lKgitu25ZAg,"2024-11-07"
804,1109255,,Parthenope,"The long journey of Parthenope’s life, from her birth in 1950 till today. A feminine epic, devoid of heroism but brimming with an inexorable passion for freedom, Naples, and the faces of love—all those true, pointless, and unspeakable loves.",/nmJFOXz9lXlC7dnIBFjUVEazADX.jpg,,,,,YvXYf0nn7kI,"2024-10-24"
806,870360,,The Day the Earth Blew Up: A Looney Tunes Movie,"Porky and Daffy, the classic animated odd couple, turn into unlikely heroes when their antics at the local bubble gum factory uncover a secret alien mind control plot. Against all odds, the two are determined to save their town (and the world!)...that is if they don't drive each other crazy in the process.",/b3ULB8VXx52qAl1D6OOS3Acew8a.jpg,,,,,hafVN4-1cxU,"2024-08-01"
810,1155828,,Sing Sing,"Divine G, imprisoned at Sing Sing for a crime he didn't commit, finds purpose by acting in a theatre group alongside other incarcerated men in this story of resilience, humanity, and the transformative power of art.",/qNfqd1edAynytI32lZRq6B1j1C.jpg,,,,,j3dXc6P3zH8,"2024-07-12"
809,974663,,"200% Wolf","When Freddy Lupin's wayward wish transforms him into a werewolf and deposits a mischievous moon sprite on Earth, Freddy must restore the cosmic order before the earth and moon collide.",/srlxv5jCUsA2GJAjFmRtKnRzxwQ.jpg,,,,,CZdeJBi_m7M,"2024-07-04"
815,1013850,,A Real Pain,Mismatched cousins David and Benji reunite for a tour through Poland to honor their beloved grandmother. The adventure takes a turn when the pair's old tensions resurface against the backdrop of their family history.,/38lb62nJcNvVgCDkFt2wiVE0bX4.jpg,,,,,,"2024-11-01"
817,1013601,,Alto Knights,"Italian-American crime bosses Vito Genovese and Frank Costello run their respective families during the 20th century. In 1957, Genovese moves to assassinate Costello.",/pbwf3U8WZsJMOcojtIrOGcIV6CG.jpg,,,,,,"2025-03-14"
818,1180629,,Kneecap,"When fate brings Belfast teacher JJ into the orbit of self-confessed 'low life scum' Naoise and Liam Og, the needle drops on a hip hop act like no other. Rapping in their native Irish, they lead a movement to save their mother tongue.",/y2oaEeYV6InWeEbq9opdKskdNqc.jpg,,,,,ok60uzalsD8,"2024-08-02"
816,32068,,The Scalphunters,"Forced to trade his valuable furs for a well-educated escaped slave, a rugged trapper vows to recover the pelts from the Indians and later the renegades that killed them.",/m82aMr1Pcqt5t0cpSCwq5REdajY.jpg,,,,,i2JmtBuvrn8,"1968-02-29"
820,1038392,,The Conjuring: Last Rites,The next chapter in the story of Ed and Lorraine Warren.,/9a58oKKJejkohIXO6wGRb45A3ui.jpg,,,,,,"2025-09-04"
821,939243,,Sonic the Hedgehog 3,"Sonic, Tails, and Knuckles face a mysterious new adversary, Shadow the Hedgehog, as Dr. Robotnik reemerges after his defeat with a new plan.",/hknd8HZkMm7QZAsA94YJvIuXqh9.jpg,,,,,,"2024-12-19"
822,575265,,Mission: Impossible 8,The eighth installment of the Mission: Impossible franchise.,/mRhEg5hBCSi2aOdercqLC3AmT0A.jpg,,,,,,"2025-05-22"
823,822119,,Captain America: Brave New World,"After meeting with newly elected U.S. President Thaddeus Ross, Sam finds himself in the middle of an international incident. He must discover the reason behind a nefarious global plot before the true mastermind has the entire world seeing red.",/2o0d4I95QmuHfBtEhCZpXJbG9Cm.jpg,,,,,,"2025-02-12"
825,617126,,The Fantastic Four: First Steps,Set in the Marvel Cinematic Universe (MCU) and based on the Marvel Comics characters of the same name.,/zOiVyH3hJ4e7rEUBLGuinhOonh1.jpg,,,,,,"2025-07-23"
830,541671,,John Wick Presents: Ballerina,A young assassin seeks revenge against the people who killed her family.,/9ItMoIgUevdT7L9njGKCZj5uJHn.jpg,,,,,,"2025-06-04"
831,1061474,,Superman,"Superman, a cub reporter in Metropolis, embarks on a journey to reconcile his Kryptonian heritage with his human upbringing as Clark Kent.",/8ixB1k2GcJbMbmw8Q7QmJxKi3ie.jpg,,,,,,"2025-07-09"
834,1205021,,Rambo,Upcoming Rambo remake starring Tiger Shroff,/9YtiecEbDSx4MEt2HUS2fKcJ9Dq.jpg,,,,,,"2025-01-01"
835,911430,,F1,Racing legend Sonny Hayes is coaxed out of retirement to lead a struggling Formula 1 team—and mentor a young hotshot driver—while chasing one more chance at glory.,/iGyqJwqAHQjRrChcOCo6Nqgkb0B.jpg,,,,,,"2025-06-25"
824,1184918,,The Wild Robot,"A robot — ROZZUM unit 7134, “Roz” for short — is shipwrecked on an uninhabited island and must learn to adapt to the harsh surroundings, gradually building relationships with the animals on the island and becoming the adoptive parent of an orphaned gosling.",/wTnV3PCVW5O92JMrFvvrRcV39RU.jpg,,,,,"67vbA5ZJdKQ","2024-09-12"
826,1078012,,Boonie Bears: Guardian Code,"Briar and Bramble, who lost their mother Barbara when they were cubs, are thrown into danger when escorting a scientist, which may lead them to a family reunion.",/lIR8h3Os8peWOave8CGE7xsTFoi.jpg,,,,,BQMKxTv57FM,"2023-01-22"
827,1022787,,Elio,"Elio, an underdog with an active imagination, finds himself inadvertently beamed up to the Communiverse, an interplanetary organization with representatives from galaxies far and wide. Mistakenly identified as Earth’s ambassador to the rest of the universe, and completely unprepared for that kind of pressure, Elio must form new bonds with eccentric alien lifeforms, survive a series of formidable trials and somehow discover who he is truly meant to be.",/eYjKdG0HwlwMAOXKVb7AJet933C.jpg,,,,,"2w_K3CB8PuE","2025-06-12"
828,11101,,Stalingrad,"A German Platoon is explored through the brutal fighting of the Battle of Stalingrad. After half of their number is wiped out and they're placed under the command of a sadistic captain, the platoon lieutenant leads his men to desert. The platoon members attempt escape from the city, now surrounded by the Soviet Army.",/rB78VDAOK94KJWp9ofgE3GSQEor.jpg,,,,,"3usU25Z9ICE","1993-01-20"
832,1100099,,We Live in Time,"Almut finds her life forever changed by a chance encounter with Tobias, a recent divorcé. But after falling for each other, building a home, and starting a family, a difficult truth is revealed.",/t7clSlDlb0tVb11Km8pWXniQLUG.jpg,,,,,MH02yagHaNw,"2024-10-11"
833,447273,,Disney's Snow White,"A live-action musical reimagining of the classic 1937 film. The magical music adventure journeys back to the timeless story with beloved characters Bashful, Doc, Dopey, Grumpy, Happy, Sleepy, and Sneezy.",/Iqs2WwhusBHNuwPowDB7ki6ook.jpg,,,,,TbiPcMCz0Ek,"2025-03-20"
836,1104845,,Plankton: The Movie,Plankton's world is flipped upside down when his plan for world domination is thwarted.,/aaWtPAdxBdoZTbzovcABzZLSj1d.jpg,,,,,tZcNxAoJQ-I,"2025-05-23"
838,11573,,Inspector Clouseau,"Detective Inspector Jacques Clouseau is borrowed from the Surete on special assignment for Scotland Yard in hopes that a fresh outlook will help the government recover the loot from the Great Train Robbery, which is being used to underwrite a new crime wave. What they don't count on, however, is having more than one Clouseau on the job.",/gpL8PDb0dzXkqZaevYvO1hAidS8.jpg,,,,,mvOgu5W5RYU,"1968-07-19"
837,1022453,,The RajaSaab,A couple fights destiny and negative forces for their love.,/qTSqltjLzEmXTOohqRW3c2uSBIP.jpg,,,,,YFZMBqyXkqQ,"2025-04-10"
